region_id	ANAB5F7_basal_AF	98JKPD8_lumA_AF	PU24GB8_lumB_AF	S6R691V_her2_AF	2GAMBDQ_norm_AF
chr1:818021-818032	0.8125	0.9	0.833333	0.9	0.875
chr1:977015-977026	0.941176	1.0	0.947368	0.911765	1.0
chr1:977047-977058	0.5	1.0	0.789474	0.588235	0.75
chr1:977110-977121	0.852941	0.909091	0.944444	1.0	1.0
chr1:977142-977153	0.53125	0.625	1.0	1.0	1.0
chr1:977174-977185	0.0	0.0	0.0	0.0	1.0
chr1:977206-977217	0.588235	0.818182	0.868421	0.0	1.0
chr1:977330-977341	1.0	1.0	1.0	1.0	1.0
chr1:977362-977373	1.0	1.0	1.0	1.0	1.0
chr1:977394-977405	0.0	0.0	1.0	0.0	1.0
chr1:977426-977437	0.0	0.0	1.0	0.0	0.0
chr1:977458-977469	0.0	0.0	1.0	0.0	0.0
chr1:977490-977501	0.0	0.0	1.0	0.0	1.0
chr1:977522-977533	0.0	0.0	0.0	0.0	1.0
chr1:977586-977597	0.0	0.0	1.0	0.0	1.0
chr1:977618-977629	0.0	0.0	1.0	0.0	0.0
chr1:977682-977693	0.0	0.0	0.722222	0.0	0.0
chr1:1019832-1019843	1.0	1.0	1.0	1.0	1.0
chr1:1137112-1137123	0.558824	0.636364	0.611111	0.588235	0.5
chr1:1163034-1163045	0.5	0.636364	0.555556	0.5	0.625
chr1:2597991-2598002	0.433333	0.5	0.710526	0.705882	0.6875
chr1:2849658-2849669	0.71875	0.5	0.694444	0.705882	0.6875
chr1:6758655-6758666	0.727273	0.5	0.666667	0.65625	0.5625
chr1:7374055-7374066	0.785714	0.65	0.852941	0.733333	0.666667
chr1:7784244-7784255	1.0	1.0	1.0	1.0	1.0
chr1:7892663-7892674	0.541667	0.45	0.416667	0.642857	0.214286
chr1:8598018-8598029	0.617647	0.666667	0.588235	0.75	0.642857
chr1:9681649-9681660	0.411765	0.65	0.5	0.53125	0.5
chr1:11644593-11644604	0.529412	0.611111	0.75	0.470588	0.5
chr1:12008459-12008470	0.535714	0.722222	0.71875	0.642857	0.833333
chr1:12595907-12595918	0.529412	0.541667	0.5	0.529412	0.4375
chr1:14392457-14392468	0.576923	0.333333	0.28125	0.34375	0.25
chr1:14911557-14911568	0.235294	0.375	0.5	0.235294	0.5625
chr1:16062142-16062153	0.911765	0.958333	0.916667	0.875	0.916667
chr1:16980367-16980378	0.264706	0.5	0.736842	0.4375	0.6875
chr1:20111267-20111278	0.571429	0.727273	0.333333	0.1875	0.214286
chr1:20589092-20589103	0.5625	0.545455	0.555556	0.441176	0.625
chr1:20683108-20683119	0.705882	0.363636	0.78125	0.7	0.714286
chr1:21345682-21345693	0.411765	0.458333	0.552632	0.470588	0.5625
chr1:21957171-21957182	0.5	0.708333	0.578947	0.558824	0.375
chr1:22341878-22341889	0.625	0.409091	0.269231	0.3125	0.142857
chr1:24120973-24120984	0.441176	0.25	0.588235	0.5625	0.333333
chr1:24876352-24876363	0.40625	0.6	0.333333	0.25	0.714286
chr1:26315591-26315602	0.852941	0.875	0.852941	0.823529	1.0
chr1:26396717-26396728	0.428571	0.722222	0.357143	0.583333	0.642857
chr1:29649782-29649793	0.846154	0.863636	0.916667	0.833333	0.875
chr1:30379048-30379059	0.714286	0.7	0.71875	0.53125	0.625
chr1:31330475-31330486	1.0	1.0	1.0	1.0	1.0
chr1:32394556-32394567	1.0	1.0	0.973684	1.0	1.0
chr1:33151802-33151813	1.0	0.958333	0.947368	0.970588	1.0
chr1:33256445-33256456	0.5	0.625	0.710526	0.71875	0.5625
chr1:36576263-36576274	0.382353	0.375	0.416667	0.647059	0.4375
chr1:39491624-39491635	0.588235	0.708333	0.552632	0.558824	0.625
chr1:39788848-39788859	0.529412	0.708333	0.684211	0.617647	0.8125
chr1:40727462-40727473	0.676471	0.590909	0.366667	0.65625	0.714286
chr1:41242093-41242104	1.0	1.0	1.0	1.0	1.0
chr1:43974469-43974480	0.735294	0.833333	0.763158	0.764706	0.8125
chr1:52055380-52055391	0.941176	1.0	1.0	0.882353	1.0
chr1:54250531-54250542	0.588235	0.727273	0.447368	0.558824	0.6875
chr1:54260774-54260785	0.558824	0.35	0.25	0.266667	0.6875
chr1:54836259-54836270	0.794118	0.909091	0.823529	0.705882	0.8125
chr1:61742600-61742611	1.0	1.0	1.0	1.0	1.0
chr1:62294676-62294687	0.71875	0.8125	0.392857	0.75	0.75
chr1:64124727-64124738	0.911765	0.7	0.90625	0.909091	0.833333
chr1:88891152-88891163	0.411765	0.541667	0.368421	0.264706	0.375
chr1:94719244-94719255	0.558824	0.375	0.416667	0.6875	0.428571
chr1:96721610-96721621	0.529412	0.75	0.552632	0.588235	0.375
chr1:99857216-99857227	0.411765	0.625	0.59375	0.5	0.5625
chr1:100265703-100265714	0.764706	0.833333	0.894737	0.9375	1.0
chr1:110150637-110150648	0.34375	0.272727	0.305556	0.529412	0.3125
chr1:113042634-113042645	0.411765	0.541667	0.388889	0.735294	0.4375
chr1:113390651-113390662	1.0	1.0	1.0	1.0	1.0
chr1:120342168-120342179	0.882353	0.916667	0.763158	1.0	1.0
chr1:120558301-120558312	0.5	0.416667	0.552632	0.352941	0.4375
chr1:120723809-120723820	0.470588	0.625	0.447368	0.617647	0.6875
chr1:148461033-148461044	0.529412	0.636364	0.0	0.382353	0.625
chr1:150635291-150635302	0.366667	0.136364	0.294118	0.59375	0.214286
chr1:151501426-151501437	0.71875	0.772727	0.631579	0.735294	0.9375
chr1:151790769-151790780	0.764706	0.875	0.815789	0.794118	0.875
chr1:151993870-151993881	0.470588	0.541667	0.631579	0.617647	0.875
chr1:152014337-152014348	0.558824	0.590909	0.736842	0.617647	0.75
chr1:154431856-154431867	0.529412	0.708333	0.578947	0.470588	0.75
chr1:156445853-156445864	0.882353	0.916667	0.789474	0.823529	0.8125
chr1:159945627-159945638	0.705882	0.625	0.710526	0.735294	0.75
chr1:162390462-162390473	1.0	1.0	1.0	1.0	1.0
chr1:163346621-163346632	0.323529	0.545455	0.352941	0.3125	0.714286
chr1:172999441-172999452	0.9375	1.0	0.9375	0.884615	1.0
chr1:180229955-180229966	0.294118	0.208333	0.657895	0.470588	0.375
chr1:183085683-183085694	0.3	0.666667	0.6875	0.566667	0.285714
chr1:188554690-188554701	0.96875	0.958333	0.944444	0.964286	0.916667
chr1:190864266-190864277	0.5	0.227273	0.578947	0.588235	0.75
chr1:194358631-194358642	0.911765	0.791667	0.794118	0.84375	0.8125
chr1:197774965-197774976	0.558824	0.458333	0.552632	0.529412	0.625
chr1:201469320-201469331	0.382353	0.458333	0.631579	0.588235	0.3125
chr1:201647703-201647714	0.294118	0.708333	0.447368	0.323529	0.5
chr1:202365991-202366002	0.970588	1.0	1.0	1.0	1.0
chr1:204573388-204573399	0.705882	0.5	0.631579	0.764706	0.75
chr1:205775417-205775428	0.794118	0.708333	0.815789	0.617647	0.75
chr1:207751839-207751850	0.735294	0.583333	0.552632	0.647059	0.625
chr1:207818338-207818349	0.794118	0.833333	0.789474	0.558824	0.642857
chr1:208243412-208243423	0.735294	0.625	0.578947	0.529412	0.4375
chr1:209675654-209675665	0.5	0.875	0.605263	0.735294	0.8125
chr1:212951521-212951532	0.28125	0.75	0.529412	0.470588	0.25
chr1:221000087-221000098	0.617647	0.5	0.235294	0.411765	0.25
chr1:221742855-221742866	0.588235	0.333333	0.447368	0.470588	0.4375
chr1:222617976-222617987	0.823529	1.0	0.789474	0.676471	1.0
chr1:223479138-223479149	1.0	1.0	1.0	1.0	0.0
chr1:226798765-226798776	0.941176	1.0	0.868421	1.0	0.875
chr1:226895845-226895856	0.617647	0.272727	0.764706	0.352941	0.3125
chr1:229803414-229803425	0.53125	0.818182	0.5625	0.529412	0.75
chr1:238684773-238684784	0.1	0.318182	0.176471	0.117647	0.5625
chr1:239881232-239881243	0.617647	0.318182	0.368421	0.352941	0.6875
chr1:243850287-243850298	0.323529	0.541667	0.368421	0.382353	0.3125
chr1:243979628-243979639	0.642857	0.666667	0.617647	0.71875	0.642857
chr1:244082274-244082285	1.0	1.0	0.972222	1.0	1.0
chr1:245198951-245198962	0.5	0.590909	0.529412	0.4375	0.5
chr1:245857430-245857441	0.558824	0.75	0.705882	0.558824	0.6875
chr2:1709026-1709037	0.617647	0.791667	0.666667	0.617647	0.75
chr2:3480757-3480768	0.558824	0.318182	0.352941	0.529412	0.375
chr2:4108796-4108807	0.214286	0.611111	0.352941	0.1875	0.4375
chr2:8540246-8540257	0.617647	0.75	0.657895	0.647059	0.75
chr2:23230879-23230890	1.0	1.0	1.0	1.0	1.0
chr2:24360319-24360330	1.0	1.0	0.947368	1.0	0.8125
chr2:24885327-24885338	0.5	0.25	0.263158	0.53125	0.416667
chr2:25035747-25035758	0.794118	0.958333	0.868421	0.911765	0.875
chr2:25915689-25915700	0.6875	0.9375	0.857143	0.607143	0.857143
chr2:32247079-32247090	0.617647	0.75	0.46875	0.5	0.3125
chr2:33057405-33057416	1.0	1.0	0.970588	1.0	0.928571
chr2:33567738-33567749	0.735294	0.7	0.625	0.441176	0.571429
chr2:36416989-36417000	0.323529	0.458333	0.6875	0.40625	0.428571
chr2:43306067-43306078	0.441176	0.583333	0.578947	0.588235	0.6875
chr2:44928786-44928797	1.0	1.0	1.0	1.0	1.0
chr2:47334477-47334488	1.0	1.0	1.0	1.0	1.0
chr2:49210158-49210169	0.15625	0.571429	0.3	0.535714	0.8125
chr2:53986286-53986297	0.323529	0.541667	0.361111	0.352941	0.3125
chr2:55705797-55705808	0.833333	0.363636	0.235294	0.21875	0.8125
chr2:68252438-68252449	0.529412	0.375	0.394737	0.441176	0.125
chr2:70709728-70709739	0.666667	0.85	0.321429	0.666667	0.571429
chr2:71130283-71130294	0.588235	0.75	0.605263	0.705882	0.5625
chr2:84216355-84216366	1.0	0.818182	0.9	0.857143	0.928571
chr2:97094612-97094623	0.382353	0.75	0.631579	0.5	0.625
chr2:104855029-104855040	0.46875	0.666667	0.6875	0.678571	0.75
chr2:108936418-108936429	0.647059	0.9	0.647059	0.633333	0.8125
chr2:112181535-112181546	0.633333	0.681818	0.805556	0.714286	0.785714
chr2:113199243-113199254	0.382353	0.5	0.368421	0.558824	0.3125
chr2:118186476-118186487	0.705882	0.541667	0.710526	0.735294	0.8125
chr2:118699942-118699953	0.78125	0.636364	0.833333	0.666667	0.8125
chr2:119492518-119492529	0.53125	0.318182	0.392857	0.470588	0.5
chr2:120488916-120488927	1.0	1.0	1.0	1.0	1.0
chr2:120587105-120587116	0.352941	0.416667	0.555556	0.411765	0.625
chr2:120601991-120602002	0.966667	1.0	0.96875	1.0	1.0
chr2:120683333-120683344	0.71875	0.916667	0.722222	0.764706	0.9375
chr2:127107549-127107560	0.470588	0.458333	0.578947	0.441176	0.4375
chr2:127154141-127154152	0.2	0.125	0.342105	0.323529	0.642857
chr2:127408064-127408075	0.911765	0.916667	0.973684	1.0	0.9375
chr2:128238362-128238373	0.4	0.181818	0.555556	0.285714	0.357143
chr2:129891941-129891952	0.833333	0.944444	0.928571	0.9	0.9375
chr2:131434342-131434353	0.107143	0.166667	0.305556	0.558824	0.1875
chr2:131646977-131646988	0.15625	0.375	0.264706	0.235294	0.625
chr2:132347556-132347567	0.411765	0.416667	0.578947	0.5	0.375
chr2:150141383-150141394	0.875	0.818182	0.882353	0.875	0.9375
chr2:150643624-150643635	0.846154	0.944444	0.833333	0.970588	0.75
chr2:158869525-158869536	0.65625	0.8	0.7	0.642857	1.0
chr2:160397678-160397689	0.84375	0.75	0.470588	0.78125	0.785714
chr2:160448815-160448826	0.59375	0.136364	0.25	0.264706	0.5625
chr2:162582507-162582518	0.384615	0.545455	0.583333	0.529412	0.625
chr2:172239976-172239987	0.25	0.444444	0.28125	0.233333	0.666667
chr2:172252512-172252523	0.911765	1.0	0.894737	0.96875	0.9375
chr2:172297643-172297654	0.617647	0.65	0.684211	0.633333	0.8125
chr2:172427984-172427995	0.529412	0.25	0.444444	0.382353	0.125
chr2:176086306-176086317	1.0	1.0	1.0	1.0	1.0
chr2:177044457-177044468	0.230769	0.6	0.625	0.346154	0.625
chr2:177673852-177673863	0.766667	0.9	0.666667	0.823529	0.642857
chr2:181842623-181842634	1.0	1.0	1.0	1.0	1.0
chr2:181891831-181891842	1.0	1.0	1.0	1.0	1.0
chr2:193502744-193502755	0.529412	0.25	0.735294	0.566667	0.5
chr2:197274372-197274383	0.53125	0.818182	0.78125	0.764706	0.928571
chr2:203535308-203535319	0.470588	0.541667	0.526316	0.529412	0.5
chr2:211524474-211524485	0.625	0.375	0.25	0.375	0.285714
chr2:212721212-212721223	0.7	0.681818	0.78125	0.705882	0.785714
chr2:215961853-215961864	0.833333	0.909091	0.861111	0.852941	0.875
chr2:219058307-219058318	0.40625	0.681818	0.763158	0.5625	0.8125
chr2:224655307-224655318	0.766667	0.7	0.666667	0.8125	0.5625
chr2:229289459-229289470	1.0	1.0	1.0	1.0	1.0
chr2:232366568-232366579	0.352941	0.636364	0.705882	0.566667	0.857143
chr2:232697484-232697495	0.764706	0.583333	0.789474	0.705882	0.625
chr2:235458824-235458835	0.294118	0.25	0.441176	0.366667	0.571429
chr2:236143413-236143424	0.285714	0.388889	0.28125	0.1875	0.583333
chr2:236801033-236801044	0.8	0.75	0.676471	0.8	0.875
chr2:239106759-239106770	0.866667	0.875	0.852941	0.71875	0.8125
chr2:240009369-240009380	0.769231	0.375	0.705882	0.625	0.875
chr2:241555927-241555938	0.5	0.333333	0.323529	0.352941	0.5625
chr2:241983678-241983689	0.59375	0.454545	0.583333	0.5	0.4375
chr3:1908817-1908828	0.65	0.5625	0.8125	0.666667	0.357143
chr3:8768015-8768026	0.588235	0.791667	0.789474	0.764706	0.625
chr3:9933561-9933572	0.941176	1.0	1.0	1.0	1.0
chr3:10319860-10319871	0.705882	0.8	0.777778	0.647059	0.9375
chr3:12729541-12729552	0.625	0.75	0.75	0.441176	0.6875
chr3:12987218-12987229	0.90625	0.863636	0.842105	0.882353	0.875
chr3:14848262-14848273	0.785714	0.818182	0.722222	0.6875	0.5
chr3:32238653-32238664	1.0	1.0	1.0	1.0	1.0
chr3:33232293-33232304	0.352941	0.5	0.3	0.59375	0.142857
chr3:37993321-37993332	0.735294	0.833333	0.722222	0.75	0.5
chr3:39177744-39177755	1.0	1.0	1.0	1.0	1.0
chr3:40309640-40309651	0.970588	1.0	1.0	1.0	1.0
chr3:45498189-45498200	0.607143	0.590909	0.684211	0.633333	0.785714
chr3:45861347-45861358	1.0	0.777778	1.0	1.0	0.9
chr3:48057166-48057177	0.21875	0.666667	0.315789	0.3125	0.1875
chr3:50321806-50321817	0.5	0.416667	0.710526	0.5	0.375
chr3:51249511-51249522	0.7	0.714286	0.875	0.964286	1.0
chr3:54088733-54088744	0.892857	0.65	0.4	0.666667	0.75
chr3:54122372-54122383	0.441176	0.333333	0.5	0.40625	0.571429
chr3:57187364-57187375	0.714286	0.727273	0.4375	0.375	0.833333
chr3:67948152-67948163	0.857143	0.888889	0.947368	0.833333	0.875
chr3:69609325-69609336	0.642857	0.3125	0.642857	0.35	0.1875
chr3:71650008-71650019	0.392857	0.583333	0.352941	0.411765	0.625
chr3:72186383-72186394	0.382353	0.5	0.333333	0.5	0.666667
chr3:73021338-73021349	0.625	0.541667	0.588235	0.21875	0.5
chr3:73719364-73719375	0.1875	0.208333	0.25	0.6	0.5
chr3:77718699-77718710	0.791667	0.777778	0.933333	0.884615	0.875
chr3:100634611-100634622	0.852941	1.0	0.973684	0.970588	1.0
chr3:107525003-107525014	0.5	0.625	0.447368	0.411765	0.6875
chr3:113019774-113019785	0.558824	0.833333	0.605263	0.617647	0.9375
chr3:114315720-114315731	0.769231	0.35	0.285714	0.25	0.3
chr3:114872013-114872024	0.958333	0.958333	0.90625	1.0	0.9375
chr3:125766870-125766881	0.470588	0.727273	0.473684	0.7	0.6875
chr3:126084111-126084122	0.617647	0.583333	0.578947	0.441176	0.6875
chr3:126213132-126213143	0.617647	0.416667	0.277778	0.382353	0.375
chr3:127672167-127672178	0.705882	0.875	0.684211	0.794118	0.8125
chr3:128403543-128403554	0.625	0.136364	0.25	0.1875	0.125
chr3:129567681-129567692	0.294118	0.208333	0.394737	0.529412	0.125
chr3:134486384-134486395	0.735294	0.541667	0.605263	0.588235	0.6875
chr3:134607834-134607845	0.676471	0.590909	0.46875	0.642857	0.625
chr3:139006394-139006405	0.928571	0.875	0.96875	0.9	0.642857
chr3:146133736-146133747	0.5625	0.181818	0.366667	0.3	0.0
chr3:146469364-146469375	0.411765	0.458333	0.473684	0.588235	0.5625
chr3:147154295-147154306	0.633333	0.409091	0.6875	0.529412	0.4375
chr3:148746665-148746676	0.633333	0.3	0.433333	0.470588	0.3125
chr3:151349938-151349949	0.1875	0.333333	0.382353	0.633333	0.214286
chr3:159008690-159008701	0.764706	0.583333	0.611111	0.735294	0.5
chr3:161854658-161854669	0.441176	0.625	0.736842	0.588235	0.5625
chr3:167261881-167261892	0.833333	0.85	0.928571	0.911765	0.875
chr3:170358043-170358054	0.735294	0.916667	0.657895	0.852941	0.6875
chr3:170358214-170358225	0.823529	0.916667	0.868421	0.941176	0.875
chr3:171907411-171907422	0.25	0.55	0.25	0.588235	0.214286
chr3:177642116-177642127	0.892857	0.9	0.84375	0.941176	1.0
chr3:182713889-182713900	0.65625	0.583333	0.588235	0.625	0.428571
chr3:186827541-186827552	0.352941	0.625	0.342105	0.382353	0.25
chr3:187367518-187367529	0.882353	0.909091	0.583333	0.75	0.8125
chr3:190155778-190155789	0.571429	0.772727	0.615385	0.464286	0.6875
chr3:190876893-190876904	0.678571	0.4	0.8125	0.4	0.5
chr3:194773752-194773763	0.970588	1.0	1.0	0.911765	0.9375
chr3:195762792-195762803	0.78125	0.833333	0.866667	0.65625	0.857143
chr3:195990760-195990771	0.764706	0.666667	0.657895	0.941176	0.75
chr3:196543360-196543371	0.4375	0.3	0.694444	0.40625	0.1875
chr3:196599179-196599190	0.6	0.636364	0.676471	0.625	0.8125
chr3:196850144-196850155	0.346154	0.0	0.307692	0.25	0.6
chr4:927066-927077	0.8125	0.590909	0.722222	0.705882	0.928571
chr4:960458-960469	0.411765	0.409091	0.447368	0.470588	0.75
chr4:1009050-1009061	0.647059	0.708333	0.684211	0.823529	0.625
chr4:1012537-1012548	0.441176	0.541667	0.394737	0.647059	0.375
chr4:2402352-2402363	0.852941	0.833333	0.842105	0.823529	0.5625
chr4:2468664-2468675	0.705882	0.416667	0.684211	0.705882	0.625
chr4:3720435-3720446	0.7	0.181818	0.178571	0.285714	0.285714
chr4:3791815-3791826	0.583333	0.75	0.558824	0.53125	0.571429
chr4:7067877-7067888	0.794118	0.833333	0.947368	0.823529	0.8125
chr4:7540144-7540155	0.117647	0.5625	0.09375	0.0714286	0.0
chr4:8427533-8427544	1.0	1.0	1.0	1.0	1.0
chr4:8580367-8580378	0.352941	0.541667	0.473684	0.117647	0.5
chr4:9454280-9454291	0.208333	0.833333	0.833333	0.807692	0.4
chr4:21856445-21856456	0.958333	1.0	0.9375	0.96875	0.875
chr4:21856636-21856647	0.75	0.681818	0.428571	0.3	0.571429
chr4:24878771-24878782	0.625	0.333333	0.411765	0.28125	0.785714
chr4:24973935-24973946	0.588235	0.666667	0.736842	0.647059	0.625
chr4:28828283-28828294	0.55	0.611111	0.7	0.892857	0.666667
chr4:40246448-40246459	0.214286	0.590909	0.421053	0.264706	0.3125
chr4:43102998-43103009	0.818182	0.8125	0.961538	0.875	0.875
chr4:48779515-48779526	0.5	0.333333	0.473684	0.647059	0.5
chr4:56908276-56908287	0.941176	1.0	0.842105	1.0	0.9375
chr4:59518519-59518530	0.633333	0.409091	0.4	0.59375	0.4375
chr4:60798131-60798142	0.9	1.0	0.8	0.576923	0.75
chr4:67006705-67006716	1.0	0.888889	0.909091	0.909091	0.875
chr4:69924283-69924294	0.846154	0.681818	0.666667	0.78125	0.785714
chr4:83109815-83109826	0.382353	0.458333	0.5	0.558824	0.5625
chr4:83599541-83599552	0.653846	0.5	0.566667	0.464286	0.833333
chr4:87732649-87732660	0.892857	0.75	0.7	0.766667	0.875
chr4:89308448-89308459	0.764706	0.875	0.894737	0.8125	0.642857
chr4:99360068-99360079	0.125	0.25	0.147059	0.205882	0.571429
chr4:99405241-99405252	0.214286	0.318182	0.157895	0.25	0.625
chr4:100162406-100162417	0.333333	0.6	0.633333	0.558824	0.785714
chr4:100609126-100609137	0.538462	0.75	0.710526	0.65625	0.3125
chr4:102250647-102250658	0.75	0.75	0.59375	0.25	0.8125
chr4:108355669-108355680	0.264706	0.318182	0.388889	0.5625	0.5
chr4:131379404-131379415	0.15625	0.3	0.28125	0.346154	0.625
chr4:153223070-153223081	0.588235	0.541667	0.552632	0.5	0.375
chr4:153652503-153652514	0.735294	0.791667	0.638889	0.59375	0.5625
chr4:162739550-162739561	0.678571	0.772727	0.763158	0.533333	1.0
chr4:167895616-167895627	0.764706	0.791667	0.733333	0.857143	0.583333
chr4:169270460-169270471	0.911765	1.0	0.921053	1.0	1.0
chr4:170980046-170980057	0.970588	1.0	0.96875	1.0	0.928571
chr4:183798086-183798097	0.264706	0.166667	0.605263	0.294118	0.5625
chr4:185035983-185035994	0.384615	0.136364	0.194444	0.6	0.142857
chr4:185731762-185731773	0.65625	0.863636	0.588235	0.607143	0.5625
chr4:185911464-185911475	0.928571	0.818182	0.875	0.823529	0.8125
chr4:186554357-186554368	0.8125	1.0	0.9375	1.0	1.0
chr4:186841156-186841167	0.90625	0.875	0.944444	0.875	0.928571
chr4:188327250-188327261	0.583333	0.318182	0.653846	0.615385	0.214286
chr4:189617012-189617023	0.142857	0.166667	0.107143	0.214286	0.642857
chr4:189645470-189645481	0.233333	0.0	0.375	0.321429	0.6875
chr4:189665076-189665087	0.607143	0.5625	0.588235	0.617647	0.6875
chr5:197181-197192	0.433333	0.708333	0.611111	0.647059	0.642857
chr5:1112354-1112365	0.617647	0.458333	0.552632	0.470588	0.428571
chr5:1430121-1430132	0.633333	0.181818	0.111111	0.233333	0.0625
chr5:1746699-1746710	0.714286	0.8125	0.777778	0.6	0.8125
chr5:1765445-1765456	0.735294	0.454545	0.789474	0.647059	0.5
chr5:1801304-1801315	0.823529	0.916667	0.842105	0.823529	0.75
chr5:2335195-2335206	0.227273	0.4	0.3	0.366667	0.571429
chr5:7402440-7402451	0.208333	0.1875	0.333333	0.214286	0.6
chr5:10139585-10139596	0.411765	0.555556	0.3	0.21875	0.125
chr5:10458794-10458805	0.181818	0.8125	0.53125	0.352941	0.357143
chr5:13941663-13941674	0.964286	0.916667	0.964286	0.9375	0.9375
chr5:17023788-17023799	0.892857	0.888889	0.96875	0.852941	0.714286
chr5:36668278-36668289	0.269231	0.136364	0.157895	0.205882	0.625
chr5:37415676-37415687	0.588235	0.333333	0.558824	0.294118	0.875
chr5:43510962-43510973	0.941176	0.916667	0.894737	0.823529	0.571429
chr5:54518561-54518572	1.0	1.0	1.0	1.0	0.9375
chr5:62413001-62413012	0.970588	1.0	0.973684	1.0	0.875
chr5:68020527-68020538	0.961538	0.818182	0.8125	0.65625	0.857143
chr5:72816593-72816604	0.941176	0.875	0.789474	0.852941	0.875
chr5:80105590-80105601	0.909091	0.954545	0.78125	0.923077	0.625
chr5:87013077-87013088	0.75	0.772727	0.861111	0.794118	0.625
chr5:104929022-104929033	0.3	0.55	0.631579	0.588235	0.375
chr5:112503471-112503482	0.653846	0.636364	0.789474	0.794118	0.75
chr5:115490592-115490603	0.807692	0.636364	0.722222	0.75	0.625
chr5:115601525-115601536	0.529412	0.375	0.611111	0.4375	0.5
chr5:119517497-119517508	0.382353	0.272727	0.323529	0.323529	0.5625
chr5:134225896-134225907	0.529412	0.916667	0.605263	0.588235	0.6875
chr5:139796030-139796041	1.0	1.0	1.0	1.0	1.0
chr5:145856407-145856418	0.852941	0.818182	0.823529	0.59375	0.5
chr5:154755212-154755223	1.0	1.0	1.0	1.0	1.0
chr5:160188171-160188182	0.588235	0.75	0.578947	0.529412	0.8125
chr5:163915433-163915444	0.9	0.909091	0.861111	0.9375	0.857143
chr5:164544791-164544802	0.625	0.8	0.375	0.7	0.4375
chr5:169637543-169637554	0.71875	0.958333	0.789474	0.46875	0.5
chr5:170623680-170623691	0.53125	0.272727	0.305556	0.375	0.625
chr5:170773568-170773579	0.5625	0.636364	0.305556	0.666667	0.375
chr5:173497952-173497963	0.3125	0.666667	0.578947	0.4375	0.4375
chr5:174489024-174489035	0.863636	0.85	0.861111	0.911765	0.8125
chr5:176578475-176578486	0.617647	0.875	0.710526	0.705882	0.875
chr5:176610040-176610051	0.1875	0.583333	0.263158	0.235294	0.4375
chr5:178232767-178232778	0.235294	0.541667	0.421053	0.382353	0.5
chr5:179819318-179819329	0.705882	0.75	0.657895	0.970588	0.5625
chr5:180430312-180430323	0.785714	0.714286	0.25	0.35	0.625
chr5:180861232-180861243	0.882353	0.833333	0.868421	0.852941	0.8125
chr6:210017-210028	0.647059	0.9	0.833333	0.8	0.8
chr6:1316991-1317002	0.647059	0.181818	0.233333	0.529412	1.0
chr6:1445753-1445764	0.7	0.333333	0.323529	0.615385	0.642857
chr6:1678335-1678346	0.382353	0.55	0.647059	0.40625	0.5625
chr6:3285892-3285903	0.882353	0.818182	0.75	0.794118	0.857143
chr6:3356070-3356081	0.764706	0.708333	0.75	0.735294	0.8125
chr6:3356086-3356097	0.59375	0.363636	0.315789	0.647059	0.6875
chr6:3722903-3722914	0.617647	0.833333	0.611111	0.588235	0.5
chr6:8887395-8887406	0.857143	1.0	0.964286	0.9375	1.0
chr6:14957647-14957658	0.357143	0.375	0.705882	0.392857	0.214286
chr6:15759118-15759129	0.6875	0.611111	0.605263	0.470588	0.642857
chr6:15910136-15910147	0.964286	0.954545	0.933333	0.933333	1.0
chr6:16512103-16512114	0.6875	0.625	0.763158	0.71875	0.4375
chr6:18457653-18457664	1.0	1.0	0.972222	1.0	1.0
chr6:19180667-19180678	0.625	0.666667	0.777778	0.84375	0.9375
chr6:20259756-20259767	0.71875	0.909091	0.861111	0.642857	0.6875
chr6:21797305-21797316	0.470588	0.181818	0.361111	0.5625	0.25
chr6:26520538-26520549	0.794118	0.75	0.921053	0.882353	0.8125
chr6:30444187-30444198	0.529412	0.227273	0.472222	0.46875	0.1875
chr6:32484271-32484282	0.75	0.35	0.588235	0.8	0.333333
chr6:32522408-32522419	0.730769	0.428571	0.75	0.714286	0.0
chr6:32534550-32534561	0.833333	0.9	0.933333	0.941176	0.714286
chr6:32534585-32534596	0.8	0.727273	0.933333	0.941176	0.625
chr6:32581344-32581355	0.607143	0.772727	0.611111	0.40625	0.5
chr6:33124667-33124678	0.53125	0.7	0.411765	0.352941	0.357143
chr6:33750468-33750479	0.7	0.9	0.805556	0.852941	0.714286
chr6:41503862-41503873	0.647059	0.416667	0.631579	0.529412	0.5625
chr6:43759288-43759299	0.764706	0.772727	0.666667	0.71875	0.928571
chr6:49483777-49483788	0.529412	0.636364	0.735294	0.633333	0.625
chr6:49629909-49629920	0.1875	0.6	0.25	0.375	0.3125
chr6:51379403-51379414	0.428571	0.111111	0.192308	0.535714	0.625
chr6:54206610-54206621	0.833333	0.857143	0.708333	0.821429	0.8
chr6:65627771-65627782	0.266667	0.65	0.352941	0.3125	0.6875
chr6:80004242-80004253	0.294118	0.416667	0.394737	0.323529	0.5625
chr6:81929657-81929668	0.964286	0.944444	0.964286	1.0	1.0
chr6:97513521-97513532	1.0	1.0	1.0	1.0	1.0
chr6:99650515-99650526	0.576923	0.6875	0.769231	0.884615	0.666667
chr6:106805775-106805786	0.375	0.272727	0.361111	0.5625	0.1875
chr6:110476783-110476794	0.833333	0.863636	0.961538	0.7	0.875
chr6:112038332-112038343	0.3125	0.125	0.294118	0.0882353	0.5625
chr6:118934906-118934917	0.558824	0.416667	0.631579	0.5	0.625
chr6:118935224-118935235	0.558824	0.458333	0.605263	0.5	0.625
chr6:134109471-134109482	0.958333	0.75	0.647059	0.735294	0.8125
chr6:137707405-137707416	0.6875	0.772727	0.735294	0.588235	0.6875
chr6:140374152-140374163	0.85	0.818182	0.933333	0.676471	1.0
chr6:157282967-157282978	0.466667	0.681818	0.5	0.666667	0.0
chr6:157283289-157283300	0.5	0.666667	0.583333	0.625	0.3125
chr6:158311360-158311371	0.875	0.916667	0.916667	0.911765	0.8125
chr6:158422907-158422918	0.642857	0.833333	0.75	0.647059	0.833333
chr6:159435043-159435054	0.588235	0.375	0.583333	0.678571	0.857143
chr6:159762291-159762302	0.852941	0.75	0.842105	0.705882	0.8125
chr6:166400577-166400588	0.911765	0.791667	0.777778	0.90625	0.75
chr6:168332116-168332127	0.40625	0.611111	0.868421	0.633333	0.625
chr6:169962206-169962217	0.5	0.818182	0.638889	0.4375	0.9375
chr6:170019271-170019282	0.264706	0.2	0.625	0.392857	0.125
chr6:170025554-170025565	0.59375	0.772727	0.777778	0.647059	0.6875
chr6:170152562-170152573	0.323529	0.458333	0.210526	0.411765	0.625
chr6:170421489-170421500	0.0	0.0	0.0	0.0	1.0
chr7:160079-160090	0.233333	0.318182	0.264706	0.117647	0.625
chr7:352156-352167	0.90625	0.863636	1.0	1.0	1.0
chr7:369821-369832	0.78125	0.958333	0.805556	0.852941	0.916667
chr7:539615-539626	0.5	0.55	0.705882	0.53125	0.375
chr7:2001857-2001868	1.0	1.0	1.0	0.970588	1.0
chr7:2577355-2577366	0.676471	0.45	0.794118	0.78125	0.75
chr7:2577406-2577417	0.1875	0.227273	0.25	0.441176	0.714286
chr7:2577457-2577468	0.233333	0.5	0.125	0.678571	0.0
chr7:3181768-3181779	0.21875	0.636364	0.25	0.235294	0.285714
chr7:3301974-3301985	0.294118	0.541667	0.25	0.5625	0.428571
chr7:5932085-5932096	0.411765	0.25	0.578947	0.617647	0.375
chr7:6483758-6483769	0.823529	0.916667	0.842105	0.882353	1.0
chr7:6954271-6954282	0.235294	0.583333	0.289474	0.5	0.375
chr7:10533695-10533706	0.642857	0.5625	0.277778	0.1875	0.166667
chr7:12588830-12588841	0.2	1.0	1.0	0.678571	0.571429
chr7:14265075-14265086	0.730769	0.166667	0.40625	0.642857	0.3
chr7:20798552-20798563	0.970588	1.0	1.0	1.0	0.9375
chr7:33062900-33062911	0.764706	0.75	0.684211	0.647059	0.4375
chr7:38306148-38306159	0.529412	0.727273	0.789474	0.676471	0.75
chr7:38732100-38732111	1.0	0.909091	0.921053	0.923077	0.833333
chr7:43113662-43113673	0.647059	0.272727	0.184211	0.352941	0.5625
chr7:44039020-44039031	0.441176	0.416667	0.473684	0.588235	0.4375
chr7:44999798-44999809	0.529412	0.5	0.473684	0.470588	0.5
chr7:50793569-50793580	0.529412	0.583333	0.526316	0.617647	0.625
chr7:53791145-53791156	0.636364	0.318182	0.34375	0.6875	0.4375
chr7:54888875-54888886	0.428571	0.625	0.444444	0.6	0.214286
chr7:55365570-55365581	0.352941	0.541667	0.263158	0.382353	0.4375
chr7:56151915-56151926	0.875	0.888889	0.863636	0.681818	0.928571
chr7:64181883-64181894	0.166667	0.75	0.0833333	0.423077	0.0833333
chr7:71680389-71680400	0.0	0.0	0.0	1.0	0.0
chr7:72879587-72879598	0.764706	0.583333	0.710526	0.705882	0.5
chr7:75967429-75967440	0.911765	0.95	0.911765	0.852941	1.0
chr7:76379650-76379661	0.323529	0.208333	0.315789	0.529412	0.375
chr7:78083674-78083685	0.9	0.875	0.5	0.933333	0.714286
chr7:80959393-80959404	0.961538	0.75	1.0	0.78125	0.8125
chr7:95552877-95552888	0.59375	0.45	0.617647	0.617647	0.1875
chr7:100878213-100878224	0.470588	0.5	0.684211	0.5	0.4375
chr7:134395853-134395864	0.357143	0.136364	0.333333	0.307692	0.75
chr7:138188776-138188787	0.4	0.642857	0.6	0.25	0.357143
chr7:139454115-139454126	0.558824	0.333333	0.176471	0.3125	0.428571
chr7:140271665-140271676	0.90625	0.4	0.947368	0.90625	0.75
chr7:151081435-151081446	0.852941	0.958333	0.894737	1.0	1.0
chr7:152585270-152585281	0.0	0.0	0.0	0.8	0.0
chr7:153990273-153990284	0.25	0.333333	0.375	0.466667	0.6875
chr7:155297438-155297449	0.617647	0.75	0.552632	0.5	0.5
chr7:156378841-156378852	0.852941	0.888889	0.846154	0.807692	0.8125
chr7:156607414-156607425	0.34375	0.545455	0.294118	0.264706	0.214286
chr7:156947574-156947585	0.323529	0.45	0.392857	0.529412	0.416667
chr7:158164519-158164530	0.227273	0.318182	0.34375	0.294118	0.857143
chr7:158322727-158322738	0.846154	0.95	1.0	0.866667	0.916667
chr8:298750-298761	0.382353	0.545455	0.583333	0.558824	0.6875
chr8:1248323-1248334	1.0	1.0	1.0	0.933333	1.0
chr8:1248470-1248481	0.777778	0.0	0.625	0.65	1.0
chr8:1763640-1763651	0.529412	0.416667	0.736842	0.588235	0.625
chr8:6136885-6136896	0.65625	0.666667	0.633333	0.730769	0.5
chr8:6598841-6598852	0.852941	0.954545	0.875	0.84375	0.8125
chr8:6661621-6661632	0.558824	0.272727	0.647059	0.4375	0.4375
chr8:7221650-7221661	0.59375	0.0	0.0	0.0625	0.0
chr8:7680246-7680257	1.0	1.0	1.0	1.0	0.625
chr8:7955411-7955422	1.0	0.0	0.0	1.0	0.0
chr8:10653906-10653917	0.375	0.727273	0.361111	0.411765	0.357143
chr8:11016208-11016219	0.117647	0.583333	0.361111	0.235294	0.1875
chr8:11546997-11547008	0.366667	0.65	0.366667	0.375	0.642857
chr8:11564775-11564786	0.529412	0.166667	0.368421	0.647059	0.625
chr8:12931669-12931680	0.846154	0.9375	0.90625	0.846154	0.875
chr8:14838875-14838886	0.269231	0.65	0.133333	0.5	0.7
chr8:17801485-17801496	0.794118	0.708333	0.842105	0.676471	0.9375
chr8:22685440-22685451	0.0	0.7	0.0	0.6	0.125
chr8:26579610-26579621	0.911765	0.875	0.973684	1.0	1.0
chr8:27311441-27311452	0.382353	0.625	0.605263	0.5	0.375
chr8:27389817-27389828	0.235294	0.583333	0.277778	0.441176	0.375
chr8:27982391-27982402	0.53125	0.416667	0.194444	0.411765	0.5625
chr8:28467671-28467682	0.15	0.166667	0.15625	0.28125	0.583333
chr8:30830517-30830528	1.0	1.0	1.0	1.0	1.0
chr8:30912330-30912341	1.0	1.0	1.0	0.9375	0.5
chr8:39107745-39107756	0.676471	0.5	0.236842	0.558824	0.4375
chr8:46617747-46617758	1.0	0.9375	1.0	1.0	1.0
chr8:46778609-46778620	0.571429	0.777778	0.583333	0.6875	1.0
chr8:53251662-53251673	1.0	0.954545	1.0	0.970588	1.0
chr8:56320177-56320188	0.970588	1.0	1.0	0.970588	1.0
chr8:58726479-58726490	0.791667	0.318182	0.6875	0.730769	0.285714
chr8:61609361-61609372	0.794118	0.833333	0.921053	0.78125	1.0
chr8:61714436-61714447	0.764706	0.916667	0.815789	0.735294	0.75
chr8:70471112-70471123	0.705882	0.611111	0.382353	0.566667	0.666667
chr8:70532179-70532190	0.7	0.727273	0.833333	0.764706	0.5625
chr8:75048199-75048210	0.357143	0.125	0.433333	0.272727	0.714286
chr8:80249259-80249270	0.9375	0.727273	0.605263	0.705882	0.5
chr8:80926757-80926768	0.323529	0.863636	0.552632	0.588235	0.625
chr8:81842026-81842037	0.941176	1.0	1.0	1.0	1.0
chr8:86424289-86424300	0.375	0.25	0.394737	0.4	0.6875
chr8:86469177-86469188	0.375	0.409091	0.263158	0.352941	0.785714
chr8:90321727-90321738	0.6875	0.1	0.65625	0.566667	0.0
chr8:93290365-93290376	1.0	1.0	1.0	1.0	1.0
chr8:94948622-94948633	0.441176	0.708333	0.657895	0.617647	0.5
chr8:94959066-94959077	0.375	0.833333	0.588235	0.535714	0.4375
chr8:97447637-97447648	0.78125	0.954545	0.861111	0.882353	0.8125
chr8:97850001-97850012	0.705882	0.772727	0.631579	0.676471	0.4375
chr8:100892520-100892531	0.647059	0.55	0.617647	0.625	0.625
chr8:101493760-101493771	0.823529	0.916667	0.736842	0.882353	0.9375
chr8:103298768-103298779	0.676471	0.333333	0.444444	0.529412	0.25
chr8:104217373-104217384	0.0	0.125	0.03125	0.15625	0.5625
chr8:114386385-114386396	1.0	1.0	1.0	1.0	1.0
chr8:117777510-117777521	0.176471	0.0909091	0.266667	0.235294	0.583333
chr8:124927196-124927207	0.730769	0.666667	0.361111	0.352941	0.571429
chr8:132149689-132149700	0.214286	0.75	0.735294	0.411765	0.214286
chr8:137755262-137755273	0.1875	0.227273	0.5625	0.3125	0.285714
chr8:141306207-141306218	1.0	0.958333	0.973684	1.0	1.0
chr8:141380194-141380205	0.735294	0.727273	0.875	0.647059	0.5625
chr8:142118458-142118469	0.34375	0.409091	0.625	0.428571	0.5
chr8:142559779-142559790	0.375	0.4	0.78125	0.25	0.571429
chr8:142738989-142739000	0.352941	0.541667	0.263158	0.411765	0.5625
chr8:143211792-143211803	0.352941	0.6	0.527778	0.53125	0.333333
chr8:143291066-143291077	0.5	0.375	0.394737	0.529412	0.125
chr8:143291538-143291549	0.529412	0.375	0.394737	0.558824	0.125
chr8:143512869-143512880	0.529412	0.833333	0.842105	0.647059	0.8125
chr8:143685255-143685266	0.676471	0.545455	0.472222	0.441176	0.3125
chr8:143891925-143891936	0.4375	0.363636	0.333333	0.323529	0.625
chr8:144202654-144202665	0.59375	0.454545	0.416667	0.5625	0.25
chr8:144313639-144313650	0.352941	0.5	0.394737	0.529412	0.625
chr8:144313652-144313663	0.647059	0.708333	0.815789	0.676471	1.0
chr8:144313673-144313684	0.588235	0.333333	0.416667	0.59375	0.375
chr8:144313746-144313757	0.264706	0.333333	0.315789	0.411765	0.5625
chr8:144313780-144313791	0.529412	0.681818	0.552632	0.558824	0.4375
chr8:144687573-144687584	1.0	1.0	1.0	1.0	1.0
chr8:145052252-145052263	0.852941	0.875	0.868421	0.588235	0.625
chr9:305424-305435	0.794118	0.625	0.75	0.705882	0.5
chr9:786493-786504	0.392857	0.333333	0.5	0.59375	0.4375
chr9:826648-826659	0.8125	0.375	0.59375	0.8	0.375
chr9:3734159-3734170	0.470588	0.590909	0.368421	0.571429	0.625
chr9:4195307-4195318	0.617647	0.291667	0.441176	0.3	0.3125
chr9:6080406-6080417	0.911765	0.833333	0.894737	0.823529	0.75
chr9:6682111-6682122	0.676471	0.583333	0.763158	0.676471	0.75
chr9:21031146-21031157	0.823529	0.666667	0.735294	0.882353	0.625
chr9:34318651-34318662	0.352941	0.590909	0.611111	0.441176	0.5625
chr9:34675097-34675108	0.65625	0.583333	0.470588	0.529412	0.785714
chr9:36274840-36274851	0.8	0.833333	0.59375	0.71875	0.75
chr9:37486378-37486389	0.705882	0.772727	0.868421	0.852941	0.8125
chr9:41230674-41230685	0.5	0.5	0.473684	0.529412	0.5
chr9:42725404-42725415	0.178571	0.636364	0.0	0.5	0.916667
chr9:42851288-42851299	0.71875	0.863636	0.805556	0.8125	1.0
chr9:67059225-67059236	0.529412	0.75	0.710526	0.588235	0.6875
chr9:69174024-69174035	0.382353	0.681818	0.5	0.470588	0.4375
chr9:69174235-69174246	0.382353	0.708333	0.526316	0.441176	0.4375
chr9:69760050-69760061	0.852941	0.916667	0.921053	0.882353	0.9375
chr9:87554753-87554764	0.5	0.409091	0.555556	0.529412	0.25
chr9:87557093-87557104	0.235294	0.409091	0.552632	0.352941	0.25
chr9:87684694-87684705	0.970588	0.958333	0.921053	1.0	1.0
chr9:88256422-88256433	0.117647	0.136364	0.0833333	0.529412	0.25
chr9:92098292-92098303	0.470588	0.833333	0.447368	0.411765	0.3125
chr9:92980125-92980136	0.647059	0.772727	0.411765	0.5625	0.6875
chr9:93095668-93095679	0.735294	0.75	0.789474	0.558824	0.875
chr9:93191144-93191155	0.764706	0.818182	0.84375	0.852941	1.0
chr9:93576096-93576107	0.911765	0.833333	0.973684	0.970588	1.0
chr9:94819812-94819823	0.875	0.863636	0.842105	0.852941	0.875
chr9:104928252-104928263	0.852941	0.625	0.789474	0.705882	0.6875
chr9:109341829-109341840	0.617647	0.583333	0.684211	0.735294	0.875
chr9:111525169-111525180	0.676471	0.791667	0.763158	0.676471	0.8125
chr9:112867634-112867645	0.823529	0.958333	0.815789	0.911765	1.0
chr9:126914605-126914616	0.647059	0.791667	0.789474	0.705882	0.6875
chr9:127849092-127849103	0.617647	0.863636	0.694444	0.823529	1.0
chr9:127899478-127899489	0.970588	1.0	1.0	1.0	1.0
chr9:128211206-128211217	0.5	0.818182	0.657895	0.588235	0.625
chr9:128892853-128892864	1.0	1.0	1.0	1.0	1.0
chr9:129110688-129110699	1.0	1.0	1.0	1.0	1.0
chr9:129110783-129110794	1.0	1.0	1.0	1.0	1.0
chr9:130835414-130835425	1.0	0.958333	0.973684	1.0	1.0
chr9:131096441-131096452	0.529412	0.545455	0.526316	0.411765	0.625
chr9:133038095-133038106	0.3	0.291667	0.166667	0.25	0.6875
chr9:133254948-133254959	0.714286	0.666667	0.576923	0.461538	0.214286
chr9:133793362-133793373	0.352941	0.25	0.368421	0.617647	0.375
chr9:134526092-134526103	0.541667	0.333333	0.368421	0.433333	0.571429
chr9:134992279-134992290	0.607143	0.4	0.222222	0.566667	0.5625
chr9:135662966-135662977	0.533333	0.15	0.555556	0.34375	0.1875
chr9:136003776-136003787	0.833333	0.916667	0.941176	0.941176	1.0
chr9:137007429-137007440	1.0	1.0	1.0	1.0	0.9375
chr9:137089625-137089636	0.764706	0.708333	0.75	0.529412	0.785714
chr10:689950-689961	0.205882	0.6	0.236842	0.25	0.3125
chr10:757120-757131	0.34375	0.333333	0.25	0.382353	0.642857
chr10:3222085-3222096	1.0	1.0	0.970588	1.0	1.0
chr10:3458376-3458387	0.1875	0.35	0.352941	0.264706	0.6875
chr10:3538053-3538064	0.5625	0.375	0.263158	0.382353	0.5625
chr10:3747648-3747659	0.59375	0.75	0.631579	0.382353	0.8125
chr10:6580276-6580287	0.470588	0.409091	0.315789	0.46875	0.571429
chr10:8405177-8405188	0.617647	0.409091	0.5	0.71875	0.6875
chr10:11742332-11742343	0.941176	1.0	1.0	1.0	1.0
chr10:13158430-13158441	0.8	1.0	0.911765	0.911765	0.875
chr10:15032239-15032250	0.46875	0.65	0.7	0.233333	0.5
chr10:15168778-15168789	1.0	0.583333	0.605263	1.0	0.5
chr10:15719525-15719536	0.705882	0.818182	0.833333	0.705882	0.714286
chr10:23068073-23068084	0.529412	0.333333	0.447368	0.647059	0.5
chr10:24251881-24251892	0.764706	0.541667	0.722222	0.735294	0.4375
chr10:25391220-25391231	0.607143	0.818182	0.59375	0.733333	0.875
chr10:26392551-26392562	0.875	0.916667	0.842105	0.833333	1.0
chr10:30434663-30434674	0.588235	0.791667	0.710526	0.558824	0.625
chr10:34163228-34163239	0.323529	0.65	0.34375	0.766667	0.714286
chr10:35899142-35899153	0.676471	0.888889	0.954545	0.9	0.8125
chr10:46076908-46076919	0.321429	0.611111	0.558824	0.59375	0.142857
chr10:46523286-46523297	0.5	0.541667	0.447368	0.470588	0.5
chr10:48524215-48524226	1.0	1.0	1.0	1.0	1.0
chr10:50994496-50994507	0.966667	0.958333	0.966667	0.933333	0.75
chr10:58625106-58625117	0.607143	0.555556	0.441176	0.733333	0.625
chr10:68561717-68561728	0.911765	1.0	0.970588	1.0	1.0
chr10:69408797-69408808	0.617647	0.875	0.684211	0.794118	0.8125
chr10:70888021-70888032	1.0	1.0	1.0	1.0	1.0
chr10:73997814-73997825	0.676471	0.875	0.657895	0.529412	0.75
chr10:76148388-76148399	0.590909	0.772727	0.638889	0.6875	0.714286
chr10:77290688-77290699	0.285714	0.722222	0.181818	0.25	0.75
chr10:77770643-77770654	0.352941	0.590909	0.75	0.647059	0.571429
chr10:78238135-78238146	0.333333	0.555556	0.34375	0.4	0.4375
chr10:79404409-79404420	0.5	0.545455	0.657895	0.735294	0.5
chr10:83786660-83786671	0.375	0.333333	0.607143	0.607143	0.928571
chr10:86345073-86345084	0.178571	0.666667	0.394737	0.1875	0.5
chr10:88991753-88991764	0.588235	0.541667	0.526316	0.411765	0.375
chr10:93999747-93999758	0.529412	0.5	0.638889	0.4375	0.25
chr10:98038474-98038485	0.333333	0.333333	0.375	0.59375	0.357143
chr10:98268225-98268236	0.647059	0.416667	0.5	0.4375	0.5625
chr10:98366534-98366545	0.588235	0.454545	0.526316	0.5	0.75
chr10:99532694-99532705	0.558824	0.416667	0.294118	0.4375	0.5625
chr10:101219312-101219323	0.15625	0.0909091	0.147059	0.3125	0.583333
chr10:102791220-102791231	0.461538	0.818182	0.733333	0.735294	0.642857
chr10:103825905-103825916	1.0	1.0	1.0	0.964286	1.0
chr10:110680662-110680673	0.676471	0.636364	0.75	0.75	0.6875
chr10:113557593-113557604	1.0	1.0	1.0	1.0	1.0
chr10:116168696-116168707	0.607143	0.666667	0.583333	0.529412	0.8125
chr10:118563687-118563698	0.142857	0.636364	0.305556	0.28125	0.285714
chr10:119544151-119544162	0.764706	0.625	0.777778	0.705882	0.625
chr10:122339325-122339336	0.65625	0.227273	0.2	0.34375	0.1875
chr10:122461163-122461174	0.647059	0.666667	0.416667	0.533333	0.4375
chr10:123665976-123665987	0.692308	0.727273	0.588235	0.470588	0.416667
chr10:124153293-124153304	0.794118	0.666667	0.815789	0.970588	0.875
chr10:124323418-124323429	0.692308	0.65	0.823529	0.807692	0.625
chr10:125024042-125024053	0.441176	0.416667	0.552632	0.588235	0.4375
chr10:125151696-125151707	0.375	0.666667	0.526316	0.647059	0.75
chr10:126910453-126910464	1.0	1.0	1.0	1.0	1.0
chr10:128126374-128126385	0.558824	0.583333	0.631579	0.470588	0.5
chr10:128149930-128149941	0.8125	0.636364	0.766667	0.733333	0.714286
chr10:129786402-129786413	0.882353	0.833333	0.75	0.647059	0.75
chr10:130021222-130021233	0.785714	0.818182	0.833333	0.617647	0.785714
chr10:132186908-132186919	0.5	0.333333	0.5	0.705882	0.625
chr10:132205968-132205979	0.214286	0.5	0.6875	0.588235	0.3
chr10:132359126-132359137	0.566667	0.2	0.342105	0.3125	0.142857
chr10:133432649-133432660	0.352941	0.227273	0.416667	0.264706	0.625
chr11:297668-297679	0.558824	0.458333	0.657895	0.382353	0.5
chr11:431493-431504	0.357143	0.0	0.470588	0.535714	0.875
chr11:560866-560877	0.588235	0.5	0.605263	0.617647	0.875
chr11:970496-970507	0.5	0.416667	0.588235	0.382353	0.214286
chr11:1119220-1119231	0.625	0.777778	0.40625	0.71875	0.666667
chr11:1197885-1197896	0.53125	0.666667	0.527778	0.735294	0.5625
chr11:1501784-1501795	0.441176	0.590909	0.529412	0.558824	0.75
chr11:1572641-1572652	0.5	0.625	0.552632	0.441176	0.5625
chr11:1832852-1832863	0.764706	0.833333	0.789474	0.588235	0.8125
chr11:1843357-1843368	0.794118	0.916667	0.947368	0.941176	0.75
chr11:2800190-2800201	0.59375	0.708333	0.617647	0.625	0.714286
chr11:2838348-2838359	0.966667	1.0	0.972222	1.0	1.0
chr11:2904383-2904394	0.558824	0.5	0.631579	0.617647	0.4375
chr11:3444001-3444012	0.529412	0.409091	0.5	0.4375	0.1875
chr11:3942435-3942446	0.84375	0.875	0.888889	0.84375	0.8125
chr11:5938132-5938143	0.363636	0.65	0.617647	0.529412	0.8125
chr11:7673530-7673541	0.764706	0.583333	0.631579	0.676471	0.6875
chr11:8839493-8839504	0.533333	0.666667	0.647059	0.5	0.75
chr11:12542398-12542409	0.852941	0.954545	0.970588	0.9	0.875
chr11:12548274-12548285	0.117647	0.35	0.3	0.28125	0.571429
chr11:13277701-13277712	0.470588	0.583333	0.447368	0.323529	0.5
chr11:13963171-13963182	0.78125	0.636364	0.722222	0.9375	0.8125
chr11:17013512-17013523	0.764706	0.791667	0.710526	0.852941	0.8125
chr11:20077896-20077907	0.285714	0.888889	0.5	0.3	0.6875
chr11:20387622-20387633	0.882353	0.958333	0.842105	0.852941	0.9375
chr11:20755146-20755157	0.857143	0.909091	0.785714	0.8	0.857143
chr11:32435582-32435593	0.40625	0.666667	0.617647	0.53125	0.1875
chr11:34897806-34897817	0.676471	0.888889	0.75	0.90625	0.9375
chr11:39192913-39192924	0.961538	1.0	1.0	1.0	1.0
chr11:45293960-45293971	0.9	0.7	0.6875	0.676471	0.928571
chr11:45669011-45669022	0.40625	0.111111	0.346154	0.321429	0.642857
chr11:46217014-46217025	0.852941	1.0	0.921053	0.970588	0.8125
chr11:47388645-47388656	0.647059	0.863636	0.861111	0.735294	0.75
chr11:60491742-60491753	0.375	0.444444	0.558824	0.588235	0.166667
chr11:60785225-60785236	0.666667	0.25	0.666667	0.8125	0.916667
chr11:60811562-60811573	0.791667	0.625	0.933333	0.9375	0.642857
chr11:61429980-61429991	0.882353	0.833333	0.868421	0.882353	0.875
chr11:61513563-61513574	0.647059	0.75	0.789474	0.676471	0.75
chr11:62672095-62672106	0.764706	0.666667	0.710526	0.705882	0.4375
chr11:66312309-66312320	0.5	0.541667	0.526316	0.617647	0.5625
chr11:67033196-67033207	1.0	1.0	1.0	1.0	1.0
chr11:67544989-67545000	0.382353	0.590909	0.625	0.214286	0.5625
chr11:67584049-67584060	0.470588	0.375	0.289474	0.529412	0.6875
chr11:68030228-68030239	0.529412	0.541667	0.421053	0.441176	0.6875
chr11:70048652-70048663	0.71875	0.75	0.638889	0.617647	0.625
chr11:70124686-70124697	1.0	1.0	0.973684	1.0	1.0
chr11:70580743-70580754	0.911765	0.818182	0.894737	0.823529	1.0
chr11:71058790-71058801	0.266667	0.227273	0.277778	0.617647	0.3125
chr11:76167748-76167759	0.3125	0.375	0.342105	0.294118	0.75
chr11:80197882-80197893	0.857143	0.909091	0.75	0.733333	0.5625
chr11:83518217-83518228	0.333333	0.25	0.571429	0.333333	0.4375
chr11:90972415-90972426	1.0	1.0	1.0	1.0	1.0
chr11:94129084-94129095	0.441176	0.5	0.631579	0.588235	0.5625
chr11:94197098-94197109	0.9	1.0	0.647059	0.59375	0.6875
chr11:94304797-94304808	0.382353	0.636364	0.625	0.8	0.642857
chr11:94658672-94658683	0.529412	0.333333	0.291667	0.352941	0.3125
chr11:96331170-96331181	0.647059	0.583333	0.794118	0.625	0.357143
chr11:104323766-104323777	0.9	0.9	0.928571	0.909091	0.857143
chr11:104793669-104793680	0.85	0.95	0.8	0.642857	0.833333
chr11:108223103-108223114	0.676471	0.625	0.447368	0.441176	0.5625
chr11:111927291-111927302	1.0	1.0	1.0	1.0	1.0
chr11:112025591-112025602	0.323529	0.333333	0.526316	0.5	0.1875
chr11:113664354-113664365	0.71875	0.142857	0.611111	0.192308	0.75
chr11:118720374-118720385	0.785714	0.772727	0.916667	0.911765	0.75
chr11:119121466-119121477	0.382353	0.625	0.605263	0.294118	0.5625
chr11:119692108-119692119	1.0	1.0	1.0	1.0	1.0
chr11:120209814-120209825	0.9375	0.958333	0.966667	0.705882	1.0
chr11:121347799-121347810	0.785714	0.791667	0.766667	0.866667	0.416667
chr11:121662287-121662298	0.692308	0.272727	0.684211	0.59375	0.571429
chr11:125903372-125903383	0.823529	0.791667	0.868421	0.941176	0.8125
chr11:126716919-126716930	0.714286	0.6875	0.653846	0.617647	0.285714
chr11:127003693-127003704	0.323529	0.25	0.333333	0.607143	0.5625
chr11:130069301-130069312	0.558824	0.708333	0.789474	0.823529	0.75
chr12:460837-460848	0.941176	1.0	0.972222	0.882353	1.0
chr12:590274-590285	0.8125	0.681818	0.617647	0.558824	0.857143
chr12:807138-807149	0.588235	0.681818	0.444444	0.75	0.2
chr12:2267731-2267742	1.0	1.0	0.861111	0.9	1.0
chr12:4164681-4164692	0.382353	0.541667	0.352941	0.125	0.4375
chr12:4771965-4771976	0.708333	0.2	0.458333	0.357143	0.25
chr12:6632820-6632831	0.705882	0.954545	0.833333	0.852941	1.0
chr12:6821597-6821608	0.676471	0.75	0.631579	0.441176	0.5
chr12:9569790-9569801	0.0	0.0	0.0	1.0	0.0
chr12:9569809-9569820	0.0	0.0	0.0	0.0	1.0
chr12:9648071-9648082	0.941176	0.916667	0.921053	0.941176	0.875
chr12:9876402-9876413	0.566667	0.818182	0.611111	0.676471	0.571429
chr12:15706315-15706326	0.96875	1.0	0.921053	0.970588	1.0
chr12:28965839-28965850	0.633333	0.45	0.35	0.4	0.3125
chr12:31120485-31120496	0.0	0.714286	0.6	0.583333	0.0
chr12:31225191-31225202	0.794118	0.818182	0.611111	0.705882	1.0
chr12:31261052-31261063	0.642857	0.388889	0.40625	0.5625	0.214286
chr12:32792896-32792907	0.346154	0.6875	0.666667	0.647059	0.928571
chr12:33023185-33023196	0.692308	0.65	0.642857	0.588235	0.0
chr12:41189499-41189510	0.533333	0.708333	0.647059	0.8	0.6875
chr12:42274064-42274075	0.615385	0.909091	0.733333	0.764706	0.625
chr12:46070903-46070914	0.40625	0.772727	0.1875	0.34375	0.3125
chr12:48198188-48198199	0.529412	0.708333	0.526316	0.5	0.4375
chr12:49904149-49904160	0.705882	0.875	0.631579	0.794118	0.5625
chr12:54090663-54090674	0.40625	0.375	0.315789	0.59375	0.5
chr12:55707290-55707301	0.4375	0.444444	0.394737	0.875	0.714286
chr12:57941546-57941557	0.205882	0.5	0.526316	0.323529	0.25
chr12:60172799-60172810	0.90625	1.0	1.0	0.928571	0.75
chr12:92906011-92906022	0.375	0.6	0.366667	0.466667	0.125
chr12:103930364-103930375	0.794118	0.791667	0.842105	0.941176	0.875
chr12:107492214-107492225	0.366667	0.318182	0.222222	0.28125	0.571429
chr12:120291913-120291924	0.647059	0.625	0.605263	0.852941	0.5625
chr12:120369366-120369377	0.666667	0.55	0.733333	0.642857	0.833333
chr12:121374473-121374484	0.875	1.0	0.882353	0.966667	1.0
chr12:121500381-121500392	0.264706	0.333333	0.184211	0.5	0.6875
chr12:122122932-122122943	0.411765	0.291667	0.527778	0.5	0.1875
chr12:122708703-122708714	0.133333	0.25	0.28125	0.28125	0.571429
chr12:123602068-123602079	1.0	1.0	1.0	1.0	1.0
chr12:124360032-124360043	0.5	0.583333	0.552632	0.588235	0.5
chr12:124713818-124713829	0.764706	0.416667	0.552632	0.588235	0.625
chr12:124815274-124815285	0.6875	0.5	0.421053	0.382353	0.6875
chr12:124842854-124842865	0.264706	0.208333	0.263158	0.382353	0.5625
chr12:127779868-127779879	0.961538	1.0	1.0	1.0	1.0
chr12:130796923-130796934	0.7	0.6	0.8125	0.833333	0.833333
chr12:131098126-131098137	0.46875	0.541667	0.527778	0.470588	0.375
chr12:131616892-131616903	0.75	0.625	0.694444	0.647059	0.625
chr12:131661354-131661365	0.3125	0.0	0.194444	0.588235	0.0
chr12:131929170-131929181	0.558824	0.75	0.684211	0.617647	0.625
chr12:132426822-132426833	0.53125	0.545455	0.583333	0.705882	0.3125
chr12:132437224-132437235	0.529412	0.416667	0.277778	0.15625	0.4375
chr12:132490214-132490225	1.0	1.0	1.0	1.0	1.0
chr12:132687148-132687159	1.0	1.0	1.0	1.0	1.0
chr13:20408229-20408240	0.633333	0.818182	0.833333	0.78125	0.857143
chr13:20419914-20419925	0.558824	0.875	0.789474	0.852941	0.875
chr13:20988806-20988817	0.8125	0.909091	0.71875	0.65625	0.785714
chr13:26186418-26186429	0.529412	0.708333	0.605263	0.617647	0.5625
chr13:27978472-27978483	0.192308	0.7	0.25	0.323529	0.4375
chr13:30839227-30839238	0.866667	0.818182	0.588235	0.735294	0.3125
chr13:31032820-31032831	0.366667	0.545455	0.447368	0.59375	0.25
chr13:31609188-31609199	0.269231	0.75	0.59375	0.34375	0.6875
chr13:35917818-35917829	1.0	1.0	1.0	1.0	1.0
chr13:40172274-40172285	1.0	0.916667	0.764706	0.65625	0.875
chr13:46466860-46466871	0.321429	0.6	0.285714	0.166667	0.142857
chr13:48317695-48317706	0.633333	0.833333	0.605263	0.78125	0.9375
chr13:52949810-52949821	0.384615	0.2	0.107143	0.533333	0.1875
chr13:53452754-53452765	0.366667	0.4	0.266667	0.633333	0.5
chr13:54555683-54555694	1.0	0.95	0.863636	0.821429	1.0
chr13:90545751-90545762	0.6	0.125	0.147059	0.142857	0.166667
chr13:90713679-90713690	1.0	1.0	1.0	1.0	1.0
chr13:97774446-97774457	0.766667	0.333333	0.777778	0.8	1.0
chr13:98142472-98142483	0.676471	0.75	0.605263	0.764706	0.5625
chr13:98752486-98752497	0.375	0.590909	0.5625	0.441176	0.625
chr13:100601239-100601250	1.0	1.0	1.0	0.966667	1.0
chr13:100675388-100675399	1.0	1.0	0.947368	0.970588	1.0
chr13:105721821-105721832	0.9	0.722222	0.9375	0.692308	1.0
chr13:110529761-110529772	0.34375	0.25	0.305556	0.352941	0.5625
chr13:112356351-112356362	0.142857	0.35	0.3	0.571429	0.166667
chr13:112808382-112808393	0.533333	0.333333	0.611111	0.366667	0.375
chr13:112991729-112991740	0.625	0.409091	0.342105	0.617647	0.375
chr13:113800204-113800215	0.176471	0.272727	0.361111	0.59375	0.428571
chr14:18644599-18644610	0.642857	0.291667	0.555556	0.147059	0.0
chr14:21627292-21627303	0.375	0.333333	0.65625	0.4	0.428571
chr14:23483394-23483405	0.733333	0.791667	0.75	0.823529	0.714286
chr14:24453771-24453782	0.852941	1.0	0.631579	0.8125	0.625
chr14:25430770-25430781	0.9	0.708333	0.944444	0.866667	0.857143
chr14:30862679-30862690	0.227273	0.75	0.233333	0.3	0.25
chr14:32076953-32076964	0.617647	0.625	0.657895	0.705882	0.5625
chr14:32414537-32414548	0.607143	0.75	0.8125	0.558824	0.714286
chr14:33357819-33357830	1.0	0.944444	1.0	1.0	1.0
chr14:34299361-34299372	0.884615	0.818182	0.888889	0.961538	0.9375
chr14:35379770-35379781	0.607143	0.166667	0.352941	0.558824	0.5625
chr14:36997283-36997294	0.666667	0.227273	0.2	0.4375	0.285714
chr14:41597822-41597833	0.1875	0.1875	0.192308	0.333333	0.714286
chr14:46630516-46630527	1.0	1.0	1.0	1.0	1.0
chr14:47242671-47242682	0.735294	0.714286	0.805556	0.84375	0.625
chr14:47626565-47626576	1.0	1.0	1.0	1.0	1.0
chr14:48527996-48528007	0.970588	0.9	0.714286	0.764706	0.875
chr14:53316895-53316906	0.346154	0.375	0.566667	0.6875	0.625
chr14:60092333-60092344	0.823529	0.916667	0.657895	0.882353	1.0
chr14:63914177-63914188	0.769231	0.6	0.678571	0.666667	0.625
chr14:64515614-64515625	0.764706	0.791667	0.823529	0.852941	0.875
chr14:64880229-64880240	0.71875	0.958333	0.861111	0.617647	0.9375
chr14:70255030-70255041	0.125	0.0	0.208333	0.291667	0.875
chr14:73851960-73851971	0.470588	0.75	0.368421	0.294118	0.625
chr14:75428370-75428381	0.441176	0.541667	0.605263	0.470588	0.3125
chr14:81960377-81960388	0.35	0.666667	0.133333	0.333333	0.75
chr14:81992246-81992257	0.9375	0.95	0.9	0.625	1.0
chr14:86905526-86905537	0.346154	0.3	0.777778	0.4	0.8125
chr14:89111875-89111886	0.357143	0.611111	0.214286	0.428571	0.5625
chr14:89893209-89893220	0.764706	0.818182	0.9	0.933333	0.8125
chr14:90398073-90398084	0.823529	0.875	0.789474	0.735294	0.9375
chr14:93160392-93160403	0.1875	0.681818	0.368421	0.323529	0.3125
chr14:94174190-94174201	0.588235	0.875	0.736842	0.764706	0.8125
chr14:95282758-95282769	0.384615	0.75	0.763158	0.8	0.5625
chr14:95550452-95550463	1.0	1.0	0.916667	0.9375	0.875
chr14:99518244-99518255	0.529412	0.681818	0.388889	0.411765	0.4375
chr14:99555132-99555143	0.264706	0.458333	0.657895	0.617647	0.5625
chr14:100060319-100060330	0.65625	0.954545	0.5	0.617647	0.6875
chr14:100133097-100133108	0.764706	0.666667	0.666667	0.735294	0.9375
chr14:103518272-103518283	0.323529	0.291667	0.210526	0.147059	0.5625
chr14:103727934-103727945	0.470588	0.708333	0.710526	0.647059	0.625
chr14:105774815-105774826	0.84375	0.416667	0.710526	0.53125	0.5625
chr15:20273008-20273019	0.71875	0.636364	0.555556	0.6875	0.75
chr15:20294933-20294944	0.9375	0.909091	0.888889	0.911765	0.9375
chr15:22224671-22224682	0.34375	0.3	0.526316	0.382353	0.5
chr15:25810995-25811006	0.5	0.625	0.3125	0.735294	0.5
chr15:25861337-25861348	0.8125	0.625	0.722222	0.8125	0.875
chr15:31080685-31080696	0.823529	0.875	0.921053	0.8125	0.928571
chr15:40549981-40549992	0.4375	0.545455	0.75	0.794118	0.75
chr15:41851332-41851343	0.794118	0.916667	0.736842	0.735294	0.75
chr15:51153364-51153375	0.117647	0.2	0.133333	0.0666667	0.714286
chr15:57306360-57306371	0.911765	0.916667	1.0	1.0	1.0
chr15:60840638-60840649	0.25	0.409091	0.416667	0.59375	0.5
chr15:65367616-65367627	0.866667	0.85	0.794118	0.676471	0.642857
chr15:66140414-66140425	0.363636	0.0	0.0666667	0.615385	0.0
chr15:66179084-66179095	0.625	0.5	0.846154	0.464286	0.75
chr15:66348846-66348857	0.852941	0.916667	0.866667	0.911765	1.0
chr15:67099054-67099065	1.0	1.0	1.0	1.0	1.0
chr15:68586709-68586720	0.764706	0.833333	0.8	0.75	0.571429
chr15:69594123-69594134	1.0	1.0	0.947368	1.0	1.0
chr15:71780657-71780668	0.294118	0.545455	0.444444	0.558824	0.5625
chr15:74052722-74052733	0.676471	0.636364	0.722222	0.794118	0.6875
chr15:74100303-74100314	0.5	0.541667	0.421053	0.441176	0.5
chr15:77894334-77894345	0.941176	0.958333	0.947368	0.941176	1.0
chr15:77983396-77983407	0.852941	0.954545	0.970588	0.941176	1.0
chr15:85580686-85580697	0.53125	0.791667	0.526316	0.676471	0.75
chr15:85795078-85795089	0.352941	0.583333	0.526316	0.529412	0.6875
chr15:88247142-88247153	0.970588	0.958333	0.894737	0.911765	0.75
chr15:90020480-90020491	0.5	0.454545	0.3125	0.375	0.6875
chr15:96160537-96160548	0.866667	0.625	0.8	0.75	0.75
chr15:97960863-97960874	0.823529	0.916667	0.842105	0.794118	0.6875
chr15:98752414-98752425	0.821429	0.590909	0.605263	0.794118	0.4375
chr15:99494970-99494981	0.71875	0.7	0.638889	0.6875	0.5625
chr16:72205-72216	0.823529	0.916667	0.973684	0.852941	0.875
chr16:153840-153851	1.0	1.0	1.0	1.0	1.0
chr16:164430-164441	1.0	1.0	1.0	1.0	1.0
chr16:275942-275953	1.0	1.0	1.0	1.0	1.0
chr16:660992-661003	0.470588	0.5	0.552632	0.617647	0.3125
chr16:679817-679828	0.5	0.375	0.447368	0.529412	0.5
chr16:1308971-1308982	0.970588	0.875	0.921053	0.941176	0.75
chr16:1342874-1342885	0.411765	0.5	0.342105	0.588235	0.4375
chr16:1397334-1397345	0.392857	1.0	0.4	0.769231	0.75
chr16:2836389-2836400	0.647059	0.875	0.736842	0.647059	0.8125
chr16:3053009-3053020	0.470588	0.416667	0.394737	0.470588	0.625
chr16:3172304-3172315	0.529412	0.545455	0.638889	0.647059	0.75
chr16:3443490-3443501	0.294118	0.458333	0.736842	0.382353	0.8125
chr16:4474438-4474449	0.647059	0.791667	0.473684	0.617647	0.8125
chr16:4625113-4625124	0.882353	0.875	0.736842	0.764706	0.6875
chr16:5552711-5552722	0.25	0.25	0.357143	0.133333	0.583333
chr16:9275778-9275789	1.0	1.0	1.0	1.0	1.0
chr16:11915751-11915762	1.0	0.958333	0.921053	0.911765	1.0
chr16:18734282-18734293	0.321429	0.7	0.305556	0.25	0.25
chr16:23836617-23836628	0.8125	0.875	0.789474	0.617647	0.714286
chr16:30004234-30004245	0.529412	0.5	0.394737	0.617647	0.642857
chr16:31180759-31180770	1.0	1.0	1.0	1.0	1.0
chr16:55768221-55768232	0.9375	1.0	0.769231	0.769231	1.0
chr16:58756416-58756427	0.441176	0.590909	0.421053	0.411765	0.5625
chr16:68064634-68064645	0.96875	1.0	0.970588	1.0	1.0
chr16:68470978-68470989	0.735294	0.791667	0.789474	0.764706	0.8125
chr16:71626206-71626217	0.911765	0.875	0.888889	0.941176	0.8125
chr16:75298697-75298708	0.392857	0.8	0.90625	0.8125	0.857143
chr16:80541411-80541422	0.833333	0.909091	0.868421	0.852941	1.0
chr16:81314878-81314889	1.0	1.0	1.0	1.0	1.0
chr16:83898906-83898917	0.705882	0.666667	0.631579	0.470588	0.4375
chr16:83947540-83947551	0.65625	0.541667	0.552632	0.558824	0.5625
chr16:84970667-84970678	0.735294	0.625	0.578947	0.470588	0.375
chr16:85152338-85152349	0.441176	0.291667	0.138889	0.3	0.625
chr16:85328793-85328804	0.588235	0.363636	0.555556	0.617647	0.285714
chr16:87719137-87719148	0.875	0.6	0.777778	0.8	0.8125
chr16:88405024-88405035	0.882353	1.0	0.970588	1.0	1.0
chr16:88461153-88461164	0.441176	0.291667	0.617647	0.28125	0.4375
chr16:88643325-88643336	0.441176	0.458333	0.647059	0.558824	0.625
chr16:88725048-88725059	0.264706	0.590909	0.25	0.235294	0.25
chr16:88785256-88785267	0.735294	0.416667	0.605263	0.705882	0.75
chr16:89218137-89218148	1.0	1.0	1.0	1.0	1.0
chr16:89706203-89706214	0.558824	0.416667	0.526316	0.588235	0.5625
chr16:89908715-89908726	0.970588	0.958333	1.0	0.911765	1.0
chr16:89972916-89972927	0.794118	0.791667	0.763158	0.764706	0.75
chr16:90107161-90107172	0.352941	0.545455	0.236842	0.294118	0.3125
chr17:654649-654660	0.176471	0.111111	0.342105	0.21875	0.625
chr17:1180064-1180075	0.794118	0.958333	0.842105	0.764706	0.875
chr17:1180483-1180494	0.4375	0.708333	0.394737	0.4375	0.25
chr17:1203427-1203438	0.941176	1.0	1.0	1.0	1.0
chr17:1203457-1203468	0.59375	0.666667	0.657895	0.647059	0.875
chr17:1203487-1203498	0.941176	1.0	0.973684	1.0	1.0
chr17:1456382-1456393	0.647059	0.791667	0.605263	0.441176	0.6875
chr17:2895253-2895264	0.333333	0.777778	0.375	0.34375	0.571429
chr17:3911525-3911536	0.441176	0.541667	0.294118	0.5	0.1875
chr17:4656528-4656539	0.785714	0.772727	0.921053	0.911765	0.625
chr17:5771608-5771619	0.4	0.571429	0.205882	0.285714	0.428571
chr17:7020255-7020266	1.0	1.0	1.0	1.0	1.0
chr17:9090647-9090658	0.733333	0.8	0.772727	0.818182	0.75
chr17:14297575-14297586	0.823529	0.791667	0.736842	0.617647	0.875
chr17:15405049-15405060	0.3125	0.25	0.375	0.625	0.142857
chr17:17567853-17567864	0.529412	0.625	0.657895	0.558824	0.6875
chr17:17783087-17783098	1.0	1.0	1.0	1.0	1.0
chr17:17783109-17783120	1.0	1.0	1.0	1.0	1.0
chr17:18682506-18682517	0.264706	0.541667	0.184211	0.5	0.3125
chr17:19337649-19337660	1.0	0.958333	0.916667	0.941176	1.0
chr17:21002934-21002945	0.794118	0.791667	0.473684	0.794118	0.875
chr17:21670176-21670187	0.3125	0.45	0.375	0.323529	0.5625
chr17:21675633-21675644	0.40625	0.25	0.411765	0.5625	0.5
chr17:21697927-21697938	0.40625	0.409091	0.588235	0.470588	0.6875
chr17:26775747-26775758	0.6875	0.454545	0.133333	0.46875	0.285714
chr17:27423941-27423952	0.5	0.409091	0.357143	0.633333	0.375
chr17:27521160-27521171	0.78125	0.444444	0.444444	0.558824	0.4375
chr17:31549908-31549919	0.735294	0.625	0.815789	0.735294	0.8125
chr17:40606941-40606952	0.8125	0.681818	0.684211	0.65625	0.625
chr17:41587483-41587494	1.0	1.0	1.0	1.0	1.0
chr17:43022007-43022018	0.235294	0.583333	0.447368	0.352941	0.1875
chr17:44775869-44775880	0.705882	0.5	0.605263	0.558824	0.6875
chr17:45585000-45585011	0.352941	0.458333	0.447368	0.441176	0.625
chr17:47704432-47704443	0.470588	0.75	0.558824	0.3125	0.25
chr17:47735858-47735869	0.3125	0.25	0.361111	0.4375	0.571429
chr17:48830988-48830999	0.588235	0.458333	0.5	0.676471	0.25
chr17:48996325-48996336	1.0	1.0	1.0	1.0	1.0
chr17:50575983-50575994	0.352941	0.291667	0.588235	0.647059	0.625
chr17:50586226-50586237	0.4375	0.0833333	0.25	0.53125	0.375
chr17:57285609-57285620	0.785714	0.6	0.558824	0.558824	0.625
chr17:58157742-58157753	0.4	0.277778	0.34375	0.59375	0.214286
chr17:72599957-72599968	0.733333	1.0	0.944444	0.78125	0.9375
chr17:72972280-72972291	0.933333	1.0	1.0	1.0	1.0
chr17:74312267-74312278	1.0	1.0	0.944444	0.9375	0.8
chr17:74852635-74852646	1.0	1.0	1.0	1.0	0.8125
chr17:75481280-75481291	0.911765	0.863636	0.84375	0.794118	0.875
chr17:76737014-76737025	0.823529	0.916667	0.842105	0.911765	0.8125
chr17:77247139-77247150	0.735294	0.875	0.789474	0.764706	0.8125
chr17:77350239-77350250	0.794118	0.916667	0.894737	0.90625	0.8125
chr17:77570390-77570401	0.333333	0.590909	0.361111	0.607143	0.428571
chr17:78169272-78169283	0.558824	0.0	0.421053	0.411765	0.0
chr17:78232003-78232014	1.0	1.0	1.0	1.0	1.0
chr17:78621805-78621816	0.65625	0.833333	0.4	0.71875	0.642857
chr17:79182290-79182301	0.708333	0.222222	0.625	0.333333	0.5
chr17:80327571-80327582	0.647059	0.416667	0.694444	0.558824	0.625
chr17:81119336-81119347	0.558824	0.333333	0.631579	0.617647	0.5
chr17:81488103-81488114	0.676471	0.708333	0.710526	0.794118	0.8125
chr17:81537802-81537813	0.382353	0.416667	0.526316	0.676471	0.5625
chr17:81703242-81703253	0.382353	0.541667	0.394737	0.529412	0.5625
chr17:82015018-82015029	0.441176	0.666667	0.447368	0.46875	0.5
chr17:82126938-82126949	0.5	0.583333	0.473684	0.4375	0.642857
chr17:82227609-82227620	0.375	0.333333	0.611111	0.411765	0.3
chr17:82227675-82227686	0.823529	0.625	0.789474	0.647059	0.785714
chr17:82497383-82497394	0.558824	0.291667	0.394737	0.588235	0.375
chr17:82614236-82614247	0.666667	0.0	0.888889	0.0	0.0
chr17:82717197-82717208	1.0	1.0	1.0	1.0	1.0
chr18:865023-865034	0.647059	0.791667	0.473684	0.647059	0.75
chr18:3262064-3262075	0.676471	0.666667	0.631579	0.617647	0.625
chr18:3262415-3262426	0.470588	0.681818	0.527778	0.46875	0.571429
chr18:3412160-3412171	0.5	0.708333	0.605263	0.5625	0.375
chr18:5894921-5894932	0.705882	0.590909	0.588235	0.794118	0.5625
chr18:8480798-8480809	0.8	0.625	0.633333	0.5	0.8125
chr18:8705869-8705880	0.366667	0.291667	0.552632	0.176471	0.3125
chr18:9506579-9506590	1.0	1.0	1.0	1.0	1.0
chr18:12290428-12290439	0.2	0.4	0.583333	0.375	0.25
chr18:12991392-12991403	0.823529	0.625	0.684211	0.647059	0.5625
chr18:13376119-13376130	0.323529	0.333333	0.444444	0.46875	0.625
chr18:24208775-24208786	0.970588	1.0	1.0	1.0	1.0
chr18:24543887-24543898	1.0	1.0	1.0	1.0	1.0
chr18:30788453-30788464	0.192308	0.1875	0.3125	0.3125	0.625
chr18:31564497-31564508	0.566667	0.285714	0.6	0.892857	0.642857
chr18:35526852-35526863	0.970588	0.958333	0.868421	0.794118	1.0
chr18:37390798-37390809	0.722222	0.9375	0.291667	0.192308	0.875
chr18:46757741-46757752	0.692308	0.375	0.34375	0.71875	0.642857
chr18:50748470-50748481	0.5625	0.222222	0.321429	0.214286	0.666667
chr18:55664848-55664859	0.321429	0.125	0.611111	0.65625	0.142857
chr18:59771818-59771829	0.433333	0.111111	0.21875	0.333333	0.642857
chr18:64192470-64192481	1.0	0.9375	0.947368	0.96875	1.0
chr18:76671144-76671155	0.730769	0.833333	0.65625	0.8	0.833333
chr18:76777473-76777484	0.384615	0.444444	0.323529	0.909091	0.25
chr18:79384852-79384863	0.34375	0.333333	0.277778	0.382353	0.5625
chr18:79873336-79873347	0.653846	0.3	0.342105	0.65625	0.642857
chr18:79978021-79978032	0.71875	0.95	0.9375	0.933333	0.857143
chr19:290087-290098	0.529412	0.25	0.315789	0.235294	0.375
chr19:410749-410760	0.571429	0.590909	0.473684	0.529412	0.6875
chr19:850791-850802	0.5	0.416667	0.289474	0.529412	0.3125
chr19:885810-885821	0.647059	0.4	0.555556	0.735294	0.75
chr19:1546328-1546339	0.558824	0.458333	0.421053	0.647059	0.5
chr19:1675516-1675527	0.714286	0.9	0.735294	0.823529	0.6875
chr19:2165276-2165287	1.0	0.958333	1.0	1.0	1.0
chr19:2597163-2597174	0.705882	0.863636	0.472222	0.6875	0.928571
chr19:2841713-2841724	0.411765	0.541667	0.526316	0.411765	0.375
chr19:2900910-2900921	0.294118	0.416667	0.5	0.588235	0.5
chr19:3285675-3285686	0.470588	0.681818	0.315789	0.382353	0.75
chr19:3435255-3435266	0.529412	0.291667	0.342105	0.441176	0.4375
chr19:3709030-3709041	0.735294	0.666667	0.842105	0.794118	0.5625
chr19:4061779-4061790	0.941176	0.916667	0.947368	1.0	0.9375
chr19:5805053-5805064	1.0	1.0	1.0	1.0	1.0
chr19:9914692-9914703	0.470588	0.541667	0.421053	0.470588	0.375
chr19:10543779-10543790	0.764706	0.75	0.789474	0.764706	0.75
chr19:13774616-13774627	0.264706	0.416667	0.421053	0.617647	0.375
chr19:14554380-14554391	0.970588	1.0	0.973684	1.0	0.9375
chr19:16226928-16226939	0.676471	0.681818	0.815789	0.764706	0.928571
chr19:18870416-18870427	1.0	1.0	1.0	1.0	1.0
chr19:23668669-23668680	0.970588	1.0	1.0	1.0	1.0
chr19:29625107-29625118	0.625	0.136364	0.1875	0.333333	0.142857
chr19:30064513-30064524	0.53125	0.833333	0.678571	0.852941	0.928571
chr19:31478080-31478091	0.192308	0.611111	0.21875	0.291667	0.0
chr19:34963692-34963703	0.735294	0.416667	0.684211	0.382353	0.625
chr19:34964219-34964230	0.705882	0.5	0.578947	0.411765	0.5625
chr19:35107795-35107806	0.5	0.590909	0.736842	0.617647	0.8125
chr19:35123429-35123440	0.529412	0.708333	0.684211	0.617647	0.5625
chr19:35306373-35306384	0.6	0.590909	0.657895	0.625	0.8125
chr19:36257910-36257921	0.617647	0.227273	0.823529	0.375	0.375
chr19:36687706-36687717	0.676471	0.666667	0.631579	0.735294	0.5625
chr19:39174592-39174603	0.323529	0.272727	0.184211	0.588235	0.375
chr19:40378243-40378254	0.46875	0.7	0.611111	0.676471	0.875
chr19:40715600-40715611	0.411765	0.625	0.315789	0.411765	0.375
chr19:41019460-41019471	0.772727	0.818182	0.6	0.75	0.916667
chr19:43207683-43207694	1.0	1.0	0.933333	1.0	1.0
chr19:43607406-43607417	0.533333	0.375	0.416667	0.366667	0.214286
chr19:46860959-46860970	1.0	1.0	1.0	1.0	1.0
chr19:47613436-47613447	0.823529	0.681818	0.722222	0.764706	0.5625
chr19:49162080-49162091	0.470588	0.75	0.416667	0.382353	0.6875
chr19:49363225-49363236	0.411765	0.666667	0.605263	0.5	0.5625
chr19:49386984-49386995	1.0	1.0	0.9375	1.0	1.0
chr19:49442587-49442598	0.764706	0.958333	0.684211	0.794118	0.75
chr19:50352530-50352541	0.34375	0.6	0.264706	0.34375	0.375
chr19:51064769-51064780	0.5625	0.2	0.666667	0.264706	0.25
chr19:51689101-51689112	1.0	1.0	1.0	1.0	1.0
chr19:53365562-53365573	0.588235	0.625	0.473684	0.470588	0.8125
chr19:54846391-54846402	0.785714	0.916667	0.769231	0.785714	0.9
chr19:55014998-55015009	0.53125	0.458333	0.447368	0.470588	0.375
chr19:55375223-55375234	1.0	0.954545	1.0	1.0	1.0
chr19:55600430-55600441	0.882353	0.791667	0.763158	0.882353	0.8125
chr19:56660904-56660915	0.785714	0.590909	0.352941	0.571429	0.25
chr19:58118087-58118098	0.866667	0.8	0.882353	0.821429	0.875
chr20:819353-819364	0.272727	0.6875	0.1875	0.227273	0.0
chr20:2236706-2236717	0.6	0.8	0.6875	0.823529	0.714286
chr20:3454772-3454783	0.65625	0.666667	0.323529	0.53125	0.0
chr20:3778547-3778558	0.558824	0.5	0.710526	0.647059	0.5
chr20:5529396-5529407	0.676471	0.75	0.631579	0.588235	0.625
chr20:6368962-6368973	0.65625	0.5	0.526316	0.5	0.625
chr20:11313439-11313450	0.785714	0.75	0.916667	0.85	0.875
chr20:19824214-19824225	0.233333	0.541667	0.25	0.4375	0.4375
chr20:19838653-19838664	0.617647	0.85	0.84375	0.852941	0.875
chr20:21291883-21291894	0.461538	0.357143	0.5	0.75	0.571429
chr20:23087155-23087166	0.5	0.625	0.676471	0.5625	0.357143
chr20:25226437-25226448	0.470588	0.409091	0.421053	0.647059	0.25
chr20:25248050-25248061	0.382353	0.416667	0.421053	0.676471	0.25
chr20:25300689-25300700	0.411765	0.375	0.361111	0.617647	0.3125
chr20:29325593-29325604	0.192308	0.681818	0.269231	0.346154	0.1875
chr20:29338811-29338822	0.647059	0.791667	0.684211	0.617647	0.625
chr20:32483621-32483632	0.941176	1.0	1.0	0.970588	0.875
chr20:32574758-32574769	0.40625	0.291667	0.368421	0.470588	0.642857
chr20:34968887-34968898	0.21875	0.611111	0.184211	0.352941	0.1875
chr20:37384682-37384693	1.0	1.0	1.0	1.0	1.0
chr20:43681271-43681282	0.875	0.863636	1.0	0.8	0.857143
chr20:46207693-46207704	0.966667	0.833333	0.892857	1.0	0.9375
chr20:48179833-48179844	0.766667	0.75	0.333333	0.34375	0.75
chr20:48453617-48453628	0.178571	0.111111	0.357143	0.333333	0.714286
chr20:49187217-49187228	0.735294	0.583333	0.605263	0.588235	0.6875
chr20:49786220-49786231	0.676471	0.6	0.5	0.588235	0.6875
chr20:54475462-54475473	1.0	1.0	0.973684	1.0	1.0
chr20:57391449-57391460	0.764706	0.75	0.815789	0.852941	0.9375
chr20:58981239-58981250	0.558824	0.541667	0.578947	0.705882	0.625
chr20:60087446-60087457	0.5	0.25	0.235294	0.653846	0.1875
chr20:61331640-61331651	0.65625	0.791667	0.694444	0.588235	0.857143
chr20:61627689-61627700	0.583333	0.363636	0.411765	0.59375	0.416667
chr20:62097513-62097524	0.8	0.95	0.833333	0.941176	0.928571
chr20:62825146-62825157	0.558824	0.5	0.263158	0.411765	0.0
chr20:63678194-63678205	0.588235	0.454545	0.833333	0.470588	0.8125
chr21:14093331-14093342	0.75	0.85	0.764706	0.882353	0.5
chr21:25607309-25607320	0.647059	0.583333	0.578947	0.529412	0.5625
chr21:25735754-25735765	1.0	1.0	1.0	1.0	1.0
chr21:25837235-25837246	1.0	1.0	1.0	1.0	1.0
chr21:31334279-31334290	0.333333	0.571429	0.6	0.333333	0.375
chr21:31466751-31466762	0.875	0.944444	0.875	0.6875	0.857143
chr21:34073826-34073837	0.676471	0.75	0.657895	0.735294	0.75
chr21:36699053-36699064	0.794118	0.958333	0.815789	0.941176	1.0
chr21:37531496-37531507	1.0	1.0	1.0	1.0	0.9375
chr21:39304377-39304388	0.65625	0.444444	0.605263	0.53125	0.6875
chr21:39313667-39313678	0.882353	0.833333	0.868421	0.794118	0.875
chr21:39313734-39313745	0.647059	0.5	0.657895	0.558824	0.625
chr21:39762908-39762919	0.409091	0.333333	0.333333	0.588235	0.6875
chr21:41703988-41703999	0.441176	0.291667	0.315789	0.382353	0.8125
chr21:41849285-41849296	0.4	0.727273	0.6	0.764706	0.875
chr21:43706879-43706890	0.7	0.541667	0.447368	0.625	0.625
chr21:43776471-43776482	1.0	1.0	1.0	1.0	1.0
chr21:43778438-43778449	1.0	1.0	1.0	1.0	1.0
chr21:44539311-44539322	0.65625	0.555556	0.4	0.733333	0.5
chr21:45393125-45393136	0.40625	0.65	0.638889	0.766667	0.875
chr21:45531155-45531166	0.714286	0.0	0.78125	0.4375	0.25
chr21:45531199-45531210	0.366667	0.4375	0.705882	0.75	0.916667
chr21:45642768-45642779	0.470588	0.454545	0.361111	0.617647	0.3125
chr21:45981633-45981644	0.264706	0.454545	0.368421	0.323529	0.6875
chr21:45983514-45983525	0.617647	0.75	0.657895	0.59375	1.0
chr21:46297392-46297403	1.0	1.0	1.0	1.0	0.9375
chr22:10742270-10742281	0.75	0.75	0.588235	0.588235	0.6875
chr22:11830052-11830063	0.411765	0.65	0.333333	0.382353	0.357143
chr22:16520189-16520200	0.0	0.0	1.0	0.0	0.0
chr22:17742548-17742559	0.823529	0.75	0.842105	0.823529	0.857143
chr22:18528744-18528755	0.470588	0.541667	0.631579	0.382353	0.1875
chr22:20131720-20131731	1.0	1.0	0.973684	1.0	0.9375
chr22:21468538-21468549	1.0	1.0	1.0	1.0	1.0
chr22:23393577-23393588	0.392857	0.6875	0.861111	0.617647	0.8125
chr22:25404868-25404879	0.588235	0.833333	0.684211	0.764706	0.8125
chr22:25405546-25405557	0.588235	0.863636	0.526316	0.78125	0.785714
chr22:26528179-26528190	0.533333	0.272727	0.147059	0.117647	0.142857
chr22:35299670-35299681	0.529412	0.666667	0.552632	0.5	0.5625
chr22:37563203-37563214	0.617647	0.375	0.421053	0.264706	0.375
chr22:38299397-38299408	0.823529	0.772727	0.868421	0.852941	0.875
chr22:38413540-38413551	0.40625	0.541667	0.444444	0.470588	0.25
chr22:39207374-39207385	0.65625	0.636364	0.441176	0.705882	0.9375
chr22:39212797-39212808	0.441176	0.545455	0.25	0.382353	0.25
chr22:39457729-39457740	0.852941	0.888889	0.647059	0.607143	0.75
chr22:42278336-42278347	0.617647	0.7	0.638889	0.588235	0.75
chr22:42325030-42325041	0.382353	0.227273	0.289474	0.625	0.375
chr22:42369353-42369364	0.5	0.375	0.447368	0.411765	0.6875
chr22:43171446-43171457	0.205882	0.541667	0.194444	0.09375	0.375
chr22:44024229-44024240	1.0	1.0	0.973684	1.0	1.0
chr22:44049777-44049788	0.642857	0.428571	0.6875	0.625	0.642857
chr22:45007555-45007566	0.571429	0.363636	0.458333	0.34375	0.583333
chr22:45952759-45952770	0.59375	0.25	0.382353	0.382353	0.357143
chr22:46576787-46576798	1.0	1.0	0.947368	1.0	1.0
chr22:46726772-46726783	0.647059	0.6	0.472222	0.375	0.625
chr22:46738248-46738259	0.558824	0.583333	0.684211	0.588235	0.625
chr22:49037528-49037539	1.0	1.0	1.0	1.0	1.0
chr22:49632660-49632671	0.588235	0.833333	0.638889	0.647059	0.6875
chr22:50261647-50261658	0.352941	0.272727	0.264706	0.25	0.5625
chr22:50474997-50475008	0.470588	0.291667	0.684211	0.764706	0.6875
chr22:50697560-50697571	1.0	0.0	0.625	0.833333	0.0
chrX:227349-227360	1.0	1.0	1.0	1.0	1.0
chrX:323333-323344	0.676471	0.708333	0.657895	0.735294	0.75
chrX:1608469-1608480	0.625	0.681818	0.388889	0.46875	0.785714
chrX:3815156-3815167	0.5	0.541667	0.342105	0.529412	0.4375
chrX:6708058-6708069	0.230769	0.25	0.318182	0.214286	0.583333
chrX:18354412-18354423	1.0	1.0	1.0	1.0	1.0
chrX:21940648-21940659	1.0	1.0	1.0	1.0	1.0
chrX:24054420-24054431	0.588235	0.5	0.552632	0.470588	0.75
chrX:41380362-41380373	0.411765	0.8125	0.533333	0.6	0.125
chrX:46447000-46447011	0.352941	0.416667	0.289474	0.176471	0.5625
chrX:100731622-100731633	0.411765	0.458333	0.361111	0.588235	0.75
chrX:103214649-103214660	0.735294	0.791667	0.736842	0.735294	0.6875
chrX:109749475-109749486	0.285714	0.15	0.131579	0.233333	0.75
chrX:119606547-119606558	0.941176	0.666667	0.710526	0.705882	0.75
chrX:128606906-128606917	1.0	1.0	1.0	1.0	1.0
chrX:128928955-128928966	0.928571	0.833333	0.95	0.928571	1.0
chrX:130110575-130110586	1.0	1.0	1.0	1.0	1.0
chrX:136147329-136147340	1.0	0.916667	0.882353	0.970588	1.0
chrX:153494828-153494839	0.352941	0.4	0.315789	0.25	0.5625
chrX:153495405-153495416	0.882353	1.0	0.973684	0.970588	1.0
